Index,Customer Id,First Name,Last Name,Company,City,Country,Phone 1,Phone 2,Email,Subscription Date,Website
1,240A3Ed2bE3C2BA,Michelle,Archer,"Roberson, Mills and Barajas",Jacobburgh,Cayman Islands,510.426.5560x54278,519-955-9060x466,zamoratravis@casey.info,2020-09-14,https://acevedo.info/
2,2bA497b0b178a85,Shaun,Fischer,Perkins-Davenport,Brucemouth,Kyrgyz Republic,+1-372-324-2444x31020,(906)272-1387x345,cruzchloe@prince-holland.com,2021-05-25,https://horne.org/
3,f30DC6e26c03d19,Morgan,Cooper,"Perkins, Cameron and Reynolds",Suzanneshire,Kyrgyz Republic,(937)214-0547x81474,(332)337-3301,thompsonalison@stark.com,2020-03-29,http://robinson.org/
4,Cd1F0D1Fc1ed1B3,Kathleen,Mora,Bauer-Foley,Karinaton,New Caledonia,696-694-9526x5997,001-494-444-2359x16096,madison86@crawford.com,2021-02-03,https://larsen-lopez.info/
5,C99Fa517C0e6377,Becky,Morrison,Arellano Inc,Lake Markland,Tunisia,209-234-2036x1229,+1-841-341-4058x4433,cherrydakota@mercer-strickland.info,2021-05-18,https://www.frye-aguirre.com/
6,926C321ccFf7DcA,Zachary,Bowers,Newton-Mccann,Lake Bethany,Bulgaria,499-475-7597x87374,(519)561-4910x495,chelseywalters@grimes-meyer.com,2021-08-04,http://reid.net/
7,EEcADA73c47Ad58,Meagan,Bryant,Russell-Hayes,North Tyroneborough,French Guiana,694-336-2163,8793377191,barbara70@curtis.net,2023-04-21,https://www.herman-esparza.org/
8,cCCE1aae4Dd7D7B,Jonathan,Hutchinson,Suarez Group,Newmanhaven,Tonga,332.242.1774,852.356.1853x897,callahanstefanie@webb-hurst.info,2021-05-17,https://www.stout.com/
9,1bAEcFC40f1f66b,Briana,Dyer,Jennings PLC,North George,French Southern Territories,769.498.3845x4809,001-433-632-4797x79218,wallacelori@adkins-massey.com,2022-02-25,https://www.booker.com/
10,88d0f5BDb10D5fA,Brenda,Mccoy,"Valentine, Massey and Kelly",Nortonmouth,India,+1-659-882-1851x78112,759.472.6409x2170,neil02@hendrix-schmitt.com,2021-03-03,https://www.watson.com/
11,6E95f0b0E1Cda01,Jeff,Watts,"Mitchell, Hendricks and Nicholson",Lake Timothyville,Latvia,(510)591-4122x18323,(304)692-4856x41999,caroline19@duran-rhodes.com,2023-01-19,http://walsh.com/
12,76D8607AF9f3Ee0,Valerie,Vang,Juarez and Sons,New Ronald,Saint Lucia,(753)974-8041x6275,(702)234-6839x749,schmittwyatt@trevino.com,2020-09-30,https://davies.net/
13,A1c34720A9A15B5,Meghan,Marshall,Mcknight Group,Bethanyfort,Martinique,+1-964-757-6720x02013,718-826-4462x91515,davidgwendolyn@lang-chaney.com,2022-02-12,https://www.walker.com/
14,025643A4F641046,Levi,Stark,Buckley-Harding,Warrenfort,Bahamas,001-607-485-2501x006,830-454-6165x221,victorprice@payne.com,2020-11-23,https://russo.com/
15,BaFBE57e0251ABD,Fred,Alvarado,Valentine-Shannon,Arnoldfurt,Uganda,8365153442,734-980-3553x3087,hcarney@mcpherson.com,2021-03-06,https://www.lloyd.org/
16,3706C7a7089c13F,Rose,Price,Chambers and Sons,Port Isaacfurt,Cocos (Keeling) Islands,476.631.9138x6981,4332734704,dustin17@hurst.com,2020-01-27,http://www.lucas-mccormick.com/
17,3683F3Af26D1b61,Loretta,Santiago,"Duarte, Schmidt and Jones",Chaseview,Bolivia,(924)510-9966,+1-821-239-8135,ebonyirwin@estes.com,2023-03-19,http://davenport-bryant.com/
18,d8694Fa4db43576,Doris,Mahoney,Cuevas-Vasquez,South Sue,Malaysia,262.408.7343x7502,001-562-827-7921x5966,mackenzieblackwell@nixon.biz,2022-05-24,https://marshall.com/
19,1A6fedA8dBF1e30,Marco,Figueroa,Huang Group,Miafort,Guam,320.424.6964,708.512.3530,xmitchell@stone.org,2023-03-19,http://www.shepard.com/
20,8eA1c4Bfc19C4EF,Darren,Liu,Vang Inc,New Elizabethport,Gambia,001-273-277-5969x0440,(901)699-8811,suarezisaac@sandoval.biz,2020-03-17,http://park-maddox.com/
21,Adf2fb8fdCDD8Af,Barry,Bryant,Meyers-Phillips,Moranfurt,Cameroon,672-883-1947,+1-693-930-6736,elaine11@rangel.com,2023-02-08,https://www.pugh-madden.net/
22,110CF05E4aB5B18,Sabrina,Randolph,Gamble-Crosby,New Jefferyton,Argentina,823.228.9102x344,639.454.5602x727,aguilarchristy@wiggins-wood.net,2020-08-02,http://www.daugherty.org/
23,4caC0AeF8ca180c,Ross,Combs,Banks-Collier,North Robertoton,Algeria,669-746-8746x6387,930.876.6934,justincain@wiley.com,2021-03-07,http://www.blackburn.com/
24,C8Bb3bf1AccF4bE,Bradley,Sexton,"Dixon, Adams and Franklin",New Priscilla,Croatia,4826083016,230.335.0484,lamdeanna@david.com,2021-09-12,http://combs.com/
25,98d8bD89d1a84B3,Wyatt,Burns,Leonard and Sons,West Carl,Bosnia and Herzegovina,001-398-781-3207x8718,386.995.8265x885,sgaines@mccullough-watkins.com,2021-05-04,https://galloway-boone.org/
26,CEB819ec342532F,Henry,Miles,"Pope, Harrison and Odom",Ralphton,Macao,(822)970-6485x3914,001-750-392-8944x23882,ijacobson@park-woods.com,2022-01-26,https://mata.com/
27,9eE32d06fFfeEe3,Kaylee,Robbins,Singleton Ltd,West Clarenceview,Saint Kitts and Nevis,691-764-3256x203,840-474-6993,melissa98@krause.com,2021-07-17,https://ewing-molina.biz/
28,D98FF41B94C5231,Beverly,Brennan,"Morton, Morrison and Alexander",North Jesusberg,Aruba,307.235.8768x74244,(783)365-7825,daydonna@cervantes-flynn.info,2022-04-19,http://www.anderson.com/
29,aFAc6d4aFdA3Fd0,Duane,Hobbs,"Boyle, Roman and Vincent",New Kristine,Syrian Arab Republic,557-344-9103,(409)572-4429x4062,haleymontes@buck.com,2020-07-23,http://www.stuart.net/
30,B51Fe273bd5eDfa,Alexis,Hodge,Haynes-Flynn,Deannaberg,Bouvet Island (Bouvetoya),856-641-6884,921-777-9906x344,catherine82@graham.org,2021-05-03,http://shepherd.com/
31,B25567c69a74CBB,Kimberly,Gross,Branch-Flynn,Farrellmouth,Cook Islands,5779587493,(412)496-5979x56691,egregory@dawson.com,2022-05-20,https://gross-fletcher.com/
32,B63DeC0802E03CA,Victor,Moses,"Hamilton, Lambert and Deleon",East Meredithmouth,Mozambique,9038965975,829-885-6118x3320,billy12@wilkerson.com,2021-05-29,https://perkins-skinner.org/
33,0c452b595C079D4,Sierra,Mills,Harrington Group,Reginaldport,Namibia,001-328-982-1792x38693,(353)504-0018,kristen40@hess.net,2023-06-10,https://www.donaldson-simon.com/
34,34DF4EdCA45afe1,Nicholas,Farley,English-Moran,East Charleneport,Falkland Islands (Malvinas),+1-878-322-9230x687,+1-968-608-7283x5807,nathan07@stokes-bowen.com,2021-10-07,https://donovan-hines.biz/
35,34CC1Bc10b322Ff,Nancy,Benitez,Oneal-Lambert,Torreschester,Guam,8944539124,001-672-857-8674x996,cwells@davidson.com,2021-08-23,https://www.ross-velasquez.net/
36,a6FFc5B9cF56Ab2,Claire,Mcdowell,"Griffin, Colon and Decker",Haleyfurt,Togo,496-386-3909x576,433.651.9537,meghannorris@mcmahon.com,2023-05-27,http://chapman.org/
37,345DAe6d6D46eC2,Peter,Frost,"Gilbert, Gamble and Guzman",South Eileenberg,Comoros,566.680.4832x91138,5909724724,cabreraashlee@miranda-juarez.com,2021-02-11,https://www.dickerson-hess.com/
38,776d7DEB16dcCDb,Gordon,Chase,Michael Inc,Stephaniemouth,Pitcairn Islands,(623)821-6618,2908940284,robert41@hickman-cherry.com,2020-04-30,http://walls.biz/
39,bfEBc56a3A4bc72,Tanner,Sawyer,Arroyo-Avery,Edwardview,Saint Pierre and Miquelon,775.471.4923,785.335.1242x564,tashabarnett@erickson.com,2022-07-28,http://french-beard.com/
40,eBbF7b8EEbfb3b0,Tara,Werner,Gates-Rosario,Sheilaborough,Indonesia,399.616.5687x4072,(577)956-3567x0846,vbates@huerta-calhoun.org,2022-06-29,http://www.raymond.com/
41,bCB758Ccfaf07F5,Janet,Christian,"Carney, Nelson and Mcknight",New Donville,Uganda,(709)393-1866x698,(827)421-4849x0338,hcalhoun@welch.com,2021-12-04,https://andrews.org/
42,a0DFDe05411C4Df,Gabriela,Norton,Mcintosh PLC,Hendricksview,Turks and Caicos Islands,+1-657-568-4372x66209,751.251.9971x104,hollowayfernando@yang-mccann.net,2022-05-22,http://edwards.info/
43,cC8641dd61DAB7f,Kim,Melendez,"Curtis, Shepherd and Larsen",Melindabury,Pakistan,634-258-1373x833,981.466.6555x8177,ishea@murillo-crosby.biz,2020-05-31,https://howe.com/
44,Bb8b4Db2FdcA877,Brandon,Gallagher,Holt PLC,Rhondaview,Argentina,888-487-7391x239,001-687-325-5887x049,terry87@mccoy-cooley.info,2020-02-29,https://butler.com/
45,1Cda7cf1e010130,Michelle,Green,"Spence, Freeman and Roth",North Felicia,Moldova,976.628.2311x7635,+1-800-661-0384x7805,melendezclifford@rivera-short.com,2022-12-04,https://hicks-andrews.com/
46,D6ADcDCe116b6F7,Kurt,Walsh,Gibbs-Morton,North Rayville,Cayman Islands,823.222.5798,419.413.3230x53237,hector32@lang.biz,2020-08-15,https://www.dougherty.info/
47,4fe2BfF3B9B04b7,Ashlee,Bates,Blankenship LLC,West Whitneymouth,Indonesia,7669646803,8657336113,ewest@lucas-howard.com,2022-10-06,https://snow-huynh.info/
48,0d38e6Eb2BBb1fF,Juan,Douglas,"Hickman, Larsen and Phillips",Goodmanberg,Bouvet Island (Bouvetoya),384.966.0485,+1-619-535-2759x45630,cherryangie@acevedo-doyle.net,2023-07-05,http://www.mckinney.net/
49,af49E9E88ba1484,Cassandra,Mathis,Gallagher-Rosales,Port Jacobberg,Senegal,001-287-616-6636x402,299-862-0692x05749,wcummings@parker-colon.com,2020-09-01,https://stephens.com/
50,Ccd60Ab993a5Ab7,Bryce,Huber,Delacruz and Sons,Mezashire,Korea,001-347-787-5188x651,286-330-0717,chloe90@rodriguez-mcknight.biz,2020-10-25,http://www.nguyen.com/
51,9f727dEdFBF83dB,Cathy,Bauer,Sparks-Mullen,Kayleeland,South Africa,711.673.7279,+1-604-301-4120x140,jack18@mcguire.biz,2022-08-28,http://guzman.com/
52,2c99AfEfe62CABD,Marcus,Mayo,Shah Group,Marissatown,Libyan Arab Jamahiriya,001-742-339-3319,989.582.0015x75378,derek06@castro.biz,2022-06-25,https://merritt.biz/
53,49fdd143BDf4fe7,Cody,Carroll,Kline-Morton,Port Cameron,Burkina Faso,001-793-891-5695x732,(408)244-0163x6733,desireeyates@rush.com,2020-12-26,https://www.lewis-mathews.org/
54,BCdEDb3B279CCCa,Mia,Escobar,"Gillespie, Dunlap and Shepherd",West Stanleyton,United States Minor Outlying Islands,(324)661-6742x2617,686-225-7953x402,farleytiffany@dillon.com,2023-07-20,http://roth.com/
55,b0950AdEFd3d9E7,Colleen,Orozco,Wall-Underwood,Lake Devon,Guadeloupe,(512)955-8100x1403,365.587.4155,perryflowers@weaver.com,2021-04-19,https://www.berry.com/
56,5aF484a77De8ecD,Judith,Hays,"Gonzales, Eaton and Hendricks",Malloryton,Ukraine,418.601.1545,001-488-752-2783x659,john98@woodard.com,2020-02-28,http://simpson.com/
57,ec87382eE3Ab29c,Brittney,Kent,"Douglas, Mathis and Silva",Calvinview,Costa Rica,001-779-763-1238x978,001-648-381-8523x60998,xhenry@walter-holmes.com,2020-03-11,https://www.fischer.com/
58,fe5dac8EBd9904D,Charlene,Beasley,Reese PLC,Aaronton,Korea,844.606.2360,465.524.1101,jadeweber@stanley-salazar.org,2022-03-26,https://www.meyer.com/
59,27bd8ED4aBBa865,Isaac,Hensley,Reilly Inc,North Joyceview,French Guiana,+1-364-860-0501x9820,+1-890-780-8750,yvonnepoole@guerra-bullock.com,2022-01-31,http://cooper.net/
60,b7d52b3AFB8AC1d,Glenda,Flores,Poole-Mccarty,Sydneyfurt,Kazakhstan,+1-475-379-7157x8936,(561)780-9089x277,yjefferson@oneal.com,2021-07-31,https://www.dunn.net/
61,5992247DFeec3A0,Audrey,Mcfarland,"Caldwell, Ferguson and Barajas",North Maurice,United States of America,530-518-0475x565,879.202.3700x25175,sophiajoseph@fitzgerald.com,2022-12-13,https://www.fisher.com/
62,b7Cd6feB98dACf5,Tammie,Cain,Delgado Group,Lake Kristina,Norfolk Island,316-820-0167x4679,986.800.0327x5363,marcia41@hunt-merritt.com,2023-03-07,http://www.young-norman.com/
63,a4628Df3ccdFE3D,Bryce,Robertson,Roth LLC,Snyderchester,Jamaica,+1-627-925-6779x5255,628.915.4541x55229,mayanthony@bowen.com,2020-04-25,https://anthony.net/
64,06F3D6B7edCC5E4,Bradley,Castillo,Welch-Strong,North Kristinport,Slovakia (Slovak Republic),(327)296-8331x9648,(417)965-2118x7443,blanchardmarco@whitaker-wise.com,2021-08-10,http://www.mcmillan.com/
65,4Ff96a75c3efBeA,Norman,Ayers,"Cordova, Mcguire and Harris",Annaberg,Nigeria,(756)396-8614x880,(540)265-7550x97258,whitakerhailey@savage.com,2021-04-29,http://www.nielsen.com/
66,829edcac2feB3E2,Alexander,Stein,Mcmahon Inc,Brooksview,Bosnia and Herzegovina,+1-284-665-4074x9314,001-319-927-5906x679,vatkins@graham.com,2022-11-27,http://www.jacobs.com/
67,E4ADAeA55B3f285,Kristopher,Clark,"Erickson, Lane and Hays",Louisberg,Dominican Republic,001-942-580-1443x4064,001-524-215-7394x73715,obrienalexandra@golden-hahn.net,2021-01-08,http://www.valencia.com/
68,1e2696B3Cd450DA,Taylor,Nolan,Knapp and Sons,Ambermouth,Sudan,+1-927-955-1040,(688)908-9625,cmcgrath@maynard.com,2021-11-27,http://clay.com/
69,B94A6Dec12AabdA,Joanne,French,Thompson and Sons,Lake Joanna,Colombia,4519098072,767.713.6909x8283,dustin73@potter.com,2022-09-04,https://tucker.com/
70,d1fcDF8Ffdda97a,Walter,Jacobs,Thornton-Archer,South Marcohaven,French Guiana,(738)292-6693x157,+1-351-475-3620x058,vphelps@haynes-dudley.com,2022-05-25,http://krause-ramsey.biz/
71,2dBCa6eaf50a3C2,Sheri,Morris,Orozco LLC,Lake Miguelburgh,Bouvet Island (Bouvetoya),634.840.1378,(416)849-8815x64472,rickyortega@hopkins.com,2023-06-05,https://www.whitehead-castro.biz/
72,7e471486BDbB1cE,Victoria,Thornton,Pineda Inc,South Erika,Vietnam,(607)778-6992,599-226-2010,alexkramer@humphrey.net,2023-06-12,https://www.burke.com/
73,5bFa47cbE52D1fE,Theodore,Mclaughlin,Munoz and Sons,Dodsonside,Maldives,+1-647-370-9805x956,+1-538-789-4735x6917,flucero@boyer.biz,2021-07-18,https://www.moody.com/
74,e2EBB9aBa10A05C,Howard,Mcguire,Roberts PLC,Marquezmouth,Austria,+1-518-943-2222x0260,8528076795,dillon15@walker.net,2022-02-14,http://mccarthy.com/
75,d667b3ca00bb21A,Dean,Cannon,Singh Inc,West Coltonchester,Taiwan,+1-308-866-7590x4465,001-831-284-9823x01803,hullalex@flowers.com,2020-01-14,https://www.griffin-landry.org/
76,84c2DEdBba49B3C,Sharon,Lowery,Bernard-Colon,East Cameron,Burundi,(326)736-3614x405,+1-859-214-5877x18185,paulchad@bond.com,2020-09-07,http://carlson-conley.com/
77,AF8b1cAf3b9093C,Alan,Blanchard,Gregory-Conrad,West Marciabury,Georgia,(703)358-5457x22484,(470)630-3587x8152,martinalisha@bentley.biz,2022-10-24,http://lam.biz/
78,789dEBbC6d5f9Ce,Dan,Pugh,Lowery-Weeks,Gabrielton,Bermuda,(554)856-7460,210.263.5554x9193,stevennicholson@mckenzie.net,2023-02-15,https://www.haas.com/
79,A5cf22C229d7baC,Bill,Kemp,Duffy Group,Gracefurt,Comoros,238-267-4061,826-626-3497,billporter@patton.com,2020-01-10,https://www.dudley-leon.info/
80,3fa2eFd4e7cdd3a,Jocelyn,Morton,"Garner, Baker and Thompson",Martinfort,Ecuador,001-340-426-3324x4456,+1-340-538-3241x18016,mahoneystacie@osborne.net,2021-07-12,http://esparza.com/
81,5b37D35Db4EfA97,Todd,Moran,"Adams, Esparza and Singh",Wadeview,Kazakhstan,(327)699-6772,862-447-9787,shelbylyons@ho.com,2021-05-30,https://davies-montoya.net/
82,Dae301aF1fdEa56,Kristopher,Cooper,English LLC,Terrenceport,Zambia,001-292-441-3295x2469,001-770-881-6515x2752,faith52@griffith.info,2023-02-27,http://stuart.com/
83,16BEcAeEfBE59b9,Chelsea,Collier,"Elliott, Ray and Garcia",Port Leonview,Tokelau,001-804-641-9113x68496,(940)341-7118x03868,yvonne18@marsh-booker.com,2021-08-10,https://www.saunders-mcmahon.com/
84,Bc6FfFdbbefD69e,Stuart,Moses,"Taylor, Preston and Vincent",Stefanieside,Ghana,(874)628-8873x55302,+1-512-916-4883x73049,holly31@jenkins.info,2021-11-22,http://www.zuniga-irwin.com/
85,7c6B4FcA6AD4f4D,Vickie,Coleman,"Strickland, Armstrong and Mcmahon",West Perryport,Moldova,452.444.0545x276,+1-927-481-6792x6431,biancaoliver@fletcher.com,2022-02-17,http://www.schmidt.biz/
86,A9C1D62D4Efc5BD,Christie,Sweeney,Ellis Group,Codyshire,Libyan Arab Jamahiriya,572.603.2420x036,890.233.9961x87297,ernestconrad@valentine-santana.info,2020-04-06,https://www.ware.com/
87,931D1eCB0149aE2,Leslie,Hart,"Norman, Clayton and Newton",Dominicburgh,Senegal,001-537-716-7437,(379)229-4991,obowen@blackwell.net,2022-08-11,https://anthony-patel.com/
88,ad7bEC965fEC2a5,Alfred,Murillo,"Chapman, Liu and Rosales",Pattystad,Mayotte,(282)904-8255x71068,(396)401-0202x49356,shanecollier@montgomery-wiley.biz,2021-11-09,http://davila.com/
89,eA04baDB035625e,Omar,Robinson,Hampton-Stout,Vazquezton,San Marino,+1-925-219-5527x7938,+1-847-913-4113x6176,mcdowelldan@boyle-hartman.com,2022-03-28,https://www.maldonado.com/
90,e4ac4d99F5f05D4,Madeline,Carey,"Randall, Mendez and Bowman",Autumnton,Costa Rica,364-944-0450x40025,505.354.1441,rita69@velez.biz,2020-10-04,https://www.finley.net/
91,CF5D218abAfFE29,Sylvia,Barrera,Davidson-Macias,Breannaville,Haiti,8782078499,877.288.2740,qstout@young.org,2023-07-03,http://www.lowery.com/
92,E99658B143cBA61,Alexis,Mcintyre,"Davenport, Meza and Mullen",Boyleburgh,Cook Islands,588.293.5102x675,(530)462-6063x778,pachecoalan@may.info,2020-03-01,https://www.bruce.com/
93,2ACc14d5A34d1c1,Kathleen,Carr,"Bernard, Roman and Schultz",Cummingsland,Montserrat,001-589-901-3208x5860,562-585-9685x958,ibuck@harmon.info,2022-12-04,https://hampton.com/
94,396eaDC1dCc0eaf,Kaitlyn,Hoover,Figueroa and Sons,Port Holly,Falkland Islands (Malvinas),289.615.2735,001-798-893-0505,darrenwolf@landry-montes.com,2021-01-03,http://www.ross-berger.biz/
95,a9F9FFeC91fFbC0,Logan,Malone,Stokes-Petty,Lawsonmouth,China,+1-932-952-8434,001-801-675-2940x56918,melanie74@hill.com,2022-08-30,http://benton.com/
96,26bA884cAaaAdae,Charles,Scott,Ford-Tapia,Mindychester,Turkey,(228)377-6895,392-639-0339,cynthiareilly@schmidt.net,2023-01-24,http://gomez.com/
97,b1AAfd7434deEb0,Omar,Horton,Barron-Perez,Lake Cassiebury,Barbados,+1-766-619-2686x884,(760)586-6508x1844,rheath@arroyo.info,2020-05-20,http://west.com/
98,e20FB95FeE15D0a,Alfred,Chung,Ibarra PLC,Lake Soniahaven,Angola,001-276-795-1448x68444,427.272.8090x70383,baileyfrazier@luna.com,2022-04-06,https://www.nash.org/
99,Fe8eD224eFC2BEa,Daryl,Gibson,"Tran, James and Faulkner",Annchester,Kiribati,001-341-550-6057,+1-472-206-9349x622,salasana@galvan.net,2023-02-28,http://www.bradshaw.net/
100,dc8f184e0F2d17c,Harold,Chase,Mills-Holloway,Mayshire,Somalia,518.357.6800x27121,897.711.9237,austin43@burns-mcgrath.com,2021-04-23,https://harmon.com/
