Index,Account Id,Lead Owner,First Name,Last Name,Company,Phone 1,Phone 2,Email,Website,Notes
1,c7BBAE45b9b67d5,Joan Butler,Brittany,Marks,Haley-Kim,(227)666-1701x659,(223)740-0296,holmesalisha@velez.com,https://www.schultz.org/,By hospital apply gas present.
2,509dc1Bbbb3DE82,Anita Wall,Harold,Reed,Montoya-Harrington,+1-408-425-7953x49321,001-416-632-2269x8886,richardhudson@thomas.com,https://www.martinez.biz/,Admit picture remain sign.
3,eC25fA75312557C,Alfred Tucker,Jose,Whitaker,Walton-Hoover,001-488-637-7249x34726,+1-880-778-0182x84828,mcastillo@knapp-mcclure.com,http://www.solomon-conrad.com/,Center themselves market morning.
4,Be7bc4fFC06aa0e,Casey Hanna,Rebecca,Chandler,Finley Inc,5762837261,(844)430-4497,moraleseugene@parks.org,http://riddle-jimenez.biz/,Major pretty save leader instead present less.
5,8Bb832E1dCfD81b,Selena Morgan,Kara,Webb,Rangel PLC,450-553-5130x854,238-634-3841,kiara98@esparza.com,https://www.olsen.com/,Above foot successful big environmental instead market unit.
6,5B266Ffd2eFDEdB,Sue French,Darryl,Hancock,Hendricks-Villarreal,001-793-976-3179x6171,+1-743-293-4925x4758,benjamin87@mathews.biz,http://www.dawson.com/,Civil seven recent approach.
7,4071BBFd4ACEC92,Kristie Glover,Sheri,Obrien,Kaiser Inc,759-218-1430,516-819-0631,cknox@pennington.com,https://nixon-carney.net/,Assume central girl.
8,8cCBBFbCAEAe3E5,Pedro Beck,Lorraine,Savage,Forbes LLC,280.994.3354,+1-702-236-3741x106,johnwelch@adkins.biz,http://pena.com/,Especially area particularly party yes.
9,028f849FA19ccFE,Norman Briggs,Jeanne,Floyd,"Robinson, Bowen and Mccormick",296.350.0985x962,461-540-1462,vramirez@banks.info,https://curtis.com/,Successful level away save kind answer the.
10,c6CddaDa767Db3B,Richard Cooper,Natasha,Peterson,Lawson Inc,903-517-4296x90744,612-803-7626,leslieblake@taylor.info,http://www.andersen-chavez.net/,Relationship phone maybe month amount face pretty.
11,F99cdFcff2F6eCA,Vanessa Casey,Christian,Reyes,Howe Ltd,203-970-5757x9730,(372)763-0580x8948,brandivelazquez@singh.com,http://www.weeks.com/,Too use myself common truth.
12,63be905CfDdb75D,Shari Porter,Lee,Ortega,"Cisneros, Terry and Gardner",261-615-2195,+1-211-915-4287x43004,pmcbride@hester.net,https://olson-taylor.org/,Partner paper evidence these key result training.
13,C57AbFbdbB1eDd2,Alex Gibbs,Raymond,Whitehead,Mckee-Arellano,966-528-3256x4356,430.500.4963,beckybranch@dudley-valenzuela.com,http://www.sparks-bauer.com/,Catch minute education sell party.
14,AFa4Bd8AefFf3AE,Megan Joseph,Ronnie,Wallace,Gould Group,(957)502-3031x811,(824)558-8117,elizabethhinton@herring.info,http://www.wiggins.com/,Like voice easy.
15,E2b7d070d5Dc3Fd,Katrina Hubbard,Lori,Baker,Dudley Ltd,8373536754,710-805-6005x3628,pottsjerome@fuentes.biz,http://kelley-benitez.com/,Democratic town education call ask relationship morning media.
16,CeC4C5CAaefcd3f,Samuel Daugherty,Zachary,Whitaker,Coleman PLC,611-468-4449,001-656-321-6465,dyerterrance@mullins.com,https://pineda-barker.com/,Identify argue field loss fight.
17,E413b5ffB1a38A5,Ronald Arellano,Paula,Gillespie,Diaz Group,9986466968,252.297.5688x9474,victoriabartlett@gibbs-best.biz,http://www.ho.com/,Several central physical by recent collection agreement.
18,a1DDFef0Ee1A09D,Tyrone Campbell,Anne,Oconnell,Bruce Inc,(992)207-4638,+1-892-266-8743x010,cookemaureen@wiley.com,http://www.butler.org/,Manager financial law.
19,8Acf0d53cb52B9e,Ann Hood,Misty,Sosa,"Powers, Cline and Werner",358.453.5666x74140,8247724031,kari23@russell-miller.com,https://park.net/,Take full rise feel able however.
20,bFCACcF89dAb5Da,Spencer Booth,William,Rosario,Nicholson-Hanson,+1-252-379-8393x577,611.770.1566,diazmalik@spence.net,https://www.becker-watson.com/,Activity food care foot camera.
21,B9aCbBbE7C021ff,Tami Blevins,Steven,Orr,Buckley-Jarvis,9234330190,823.499.5715,averycathy@walton.com,https://koch-ayala.com/,Many exist decision move cold Republican investment.
22,A956a0cf6fAE0Af,Christopher Carrillo,Isaac,Riddle,Mcfarland Group,6682207832,+1-207-961-2346,hoffmanhayley@huffman.com,http://townsend-lam.com/,Easy home behind.
23,5b3ab3fC47aEC4b,Tasha Kaufman,Samuel,Sawyer,Hoffman and Sons,619-414-6674x705,240-411-4364x2795,fgutierrez@koch-sullivan.com,https://arias-barber.info/,Wait real report foot.
24,6d79BADeBCd10Cf,Eduardo Frederick,Mathew,Cameron,"Waller, Wong and Acevedo",210.210.6084x047,(414)365-4437x5391,griffithhenry@edwards.net,http://stewart-brennan.org/,Majority yeah concern prove.
25,954fC5bD3D3Ae2b,Derek Mosley,Gloria,Robertson,"Gross, Lloyd and Gonzales",001-287-480-3803x7247,671.456.7322x8355,tfarrell@sheppard.com,https://mosley.com/,Set your ground visit appear several.
26,16e601B4720b8ed,Duane Paul,Francis,Jennings,Fowler-Mckinney,(280)521-3795,001-433-213-5830x7668,belinda78@stout.com,http://kramer.com/,Sing movement customer appear music.
27,DeF16ccDC54E8C7,Darren Kramer,Phillip,Norton,"Estes, Brandt and Browning",442.559.7940x402,921.759.9517x57554,nlawson@acevedo.biz,http://www.willis.com/,Stuff social skill affect day.
28,c627aFca3Da45ab,Kenneth Harper,Sharon,Hanna,Diaz-Gomez,001-930-409-9916,954.613.6366,francismorris@arellano.com,https://noble.com/,Various themselves build talk quality free.
29,5CFC61EcF3c13DB,Shelia Levy,Wyatt,Dawson,Mendoza-Dennis,001-922-567-2341x433,559.436.8202x0812,erikbarber@arnold.net,http://matthews.info/,Candidate news claim future social.
30,A6d4e6D839bEaF0,Earl Lowery,Grace,Cisneros,Joyce-Jimenez,+1-899-694-7016x094,001-684-720-0601x714,miaherman@cordova.com,http://norris-hogan.com/,Door rest step pull.
31,6A8e7B8Cf6fAcF8,Kirsten Neal,Angel,Mason,Shea-Tran,+1-207-554-4524x80485,751-740-6377x48515,troyleon@clayton.biz,http://maldonado.com/,Upon close stay sea population person.
32,89ffEd2d90CCC7B,Oscar Sims,Rick,Chen,Kemp Ltd,+1-774-972-8668x12773,(863)900-3738,pam37@tate.org,https://www.nixon.com/,Along field prove forward imagine when perform.
33,3a90942CEDF0B66,Tasha Skinner,Arthur,Yates,"Cooke, Becker and Mann",+1-501-433-5997x39707,(475)843-0450x135,max14@parsons-mills.org,http://www.payne-kent.org/,Begin throughout us writer key shoulder watch.
34,E5a2C7D7aEC7b42,Kenneth Vasquez,Daniel,Stafford,Wolf-Santiago,001-302-696-5994x094,666.228.1527x648,ray75@patel-santana.com,https://www.dennis.com/,Mean move measure let support total.
35,efD0DadFb8eB474,Anne Massey,Reginald,Schwartz,Henson Inc,9753097655,+1-670-858-4958,xgould@mays-fields.com,http://www.leblanc.org/,He garden create clear public Republican science.
36,cD870DBf48cCDe4,Jean Parrish,Bailey,Li,Castaneda Ltd,(728)996-9873x558,908.307.9866,mclements@edwards.org,http://wilkins-ramirez.net/,Other song line coach popular politics upon.
37,d7fE1fA4EBaDc8c,Alyssa Roth,Randall,Shah,Hobbs-Chang,904-655-6733x8619,468.315.3156x13556,usaunders@hatfield-mcneil.com,http://newman.com/,Month ahead fund.
38,12463c4649f62d9,Christine Stewart,Makayla,Mcdowell,Mckinney PLC,+1-731-269-5946x5357,+1-672-524-6527x8561,emeadows@sutton.info,https://www.yoder.com/,Sure process thing mother whom third pressure upon.
39,DdA23b27bBBaE30,Laurie Valdez,Ryan,Figueroa,Bender and Sons,(873)781-1599x1500,001-255-767-3636,reedsonya@robertson.com,https://castaneda.com/,Land here company meeting control east.
40,19CA3Dd49F9AE50,Peter Cummings,Katie,Casey,Hubbard LLC,+1-628-896-3334x397,001-551-820-6930x575,edwinsimpson@frazier.net,http://www.davies.net/,Though base anything space inside.
41,FAc45BD50aa6B6a,Fernando Braun,Sheri,Wilkerson,"Duncan, Cummings and Barnett",001-238-942-1303x98615,718-647-9657,areilly@mccarty.com,https://castro.com/,Story anything material thought about go alone.
42,8eAd6382a1000d3,Madeline Richard,Jared,Monroe,Peterson Inc,001-246-594-4383x4508,001-879-794-3398x180,regina27@conley.net,https://www.lucas.com/,While garden outside Congress.
43,21afE5da8eBAD5F,Mikayla Alexander,Casey,Abbott,Rollins-Perez,409.798.5777x745,881-594-6437x688,taylortroy@nash.net,https://cole-mcintyre.com/,Establish system watch.
44,23d9DA4Db78e8eD,Megan Young,Christina,Mccoy,"Rowland, Small and Lewis",001-961-646-9222x38720,+1-965-796-0379x6916,franklin76@walter.org,http://eaton.com/,Side book together final.
45,5dEebC0adBbEF6d,James Mays,Dakota,Miles,Hughes and Sons,001-889-706-5938x431,322.882.7808x03393,morenojulia@barr-knox.net,https://www.mann.com/,Over talk perform visit these piece.
46,b3452ffd8839E1E,Malik Duncan,Victoria,Espinoza,"Crane, Bartlett and Rodriguez",(743)359-8839,(269)810-6323x1191,darryl35@kane.biz,http://www.villanueva.net/,Sing high act letter main write.
47,F1B3DeCbeEbEe5d,Tamara Griffin,Chase,Ponce,"Hurst, Erickson and Mcclain",538.784.2569x925,663.247.6886x43700,ivan80@luna-adkins.net,http://montgomery.com/,Line especially artist fact.
48,fE667cAF1fEeFc7,Shane Bentley,Katie,Meyer,"Sullivan, Hurley and Horn",(284)383-0392,6827438498,vsnow@briggs.org,http://giles.net/,Whether show attack.
49,3fAb83d2aefD7A7,Antonio Romero,Devin,Ayers,Bautista PLC,(551)614-3889,809-848-1633x35616,milleralicia@hurst-foley.net,https://howe.com/,Woman idea reflect none.
50,Def0eE62175f115,Molly Shepherd,Yvonne,Yu,Camacho PLC,502.552.5984x9650,001-445-659-7935x88789,zhuffman@richards-palmer.biz,http://www.mcgrath.com/,Happen firm up story hot.
51,0c2710AA21d7A1f,Candace Andersen,Laura,English,Jefferson LLC,882-395-5584x7155,240-326-1852,faith70@johnston.biz,http://www.brady.com/,Around both building play short rise more.
52,CfCAf6dB3CDd6A2,Paula Wells,Kristy,Rose,Clay Ltd,001-439-462-7175x75284,208.394.3041x04812,schmidtkent@schultz.info,https://www.buchanan.com/,Single statement possible agree amount.
53,6ACc7f6Cc6C156D,Terrance Daugherty,Brandy,Hicks,Richards-Rivers,(388)260-6723x4877,277.871.4719,christywu@woodard.com,http://best.com/,Mean purpose political.
54,C0748ce54c5EF96,Dale Holland,Jody,Garza,Contreras-Boyle,+1-377-747-3756x25703,+1-998-708-0890x699,candice42@murillo.biz,http://www.shannon.com/,Change in along tell amount claim.
55,329dAb8DfE2Fcfa,Reginald Hebert,Fernando,Mann,Montes-Bush,(689)616-9788,375-630-6739,yeseniaweeks@burnett.com,http://www.joseph-bauer.com/,Experience standard dog wonder everyone across.
56,FAc0B54cdb7C217,Daniel Bean,Selena,Webster,"Dudley, Huber and Martin",923.263.3580,3794370596,nfigueroa@ewing-page.net,https://perry.com/,Cause machine administration end public beautiful who whatever.
57,F93C8A54dDb9f51,Janet Rowland,Allen,Ayala,Hardy-Hicks,668.705.0364,577.515.1552x575,marcus20@moyer-rogers.com,https://keller.com/,Never experience kind law protect young.
58,Da787cc2ebE82eE,Tony Mooney,Roy,Duncan,Carr PLC,+1-390-455-1527x167,(458)241-1391x93941,maxwelleverett@york-newton.com,http://schneider.biz/,Ok cultural set garden ago size.
59,7aaEEDE0afBFd7D,Briana Hayden,Marvin,Curtis,"Richardson, Kramer and Barr",456-470-4018,+1-791-431-3178,harmongabriela@andrews.org,http://www.obrien.org/,Pressure along government reduce per.
60,EeaFC9abA5b166D,Cesar Benitez,Jared,Figueroa,Weiss-Winters,3123287713,(341)782-1060x7300,mcdonaldjavier@conner.com,http://www.lopez.info/,Interesting page check.
61,EDbEDeBfA65F07B,Perry Sherman,Alexandria,Casey,Lang-Ball,+1-755-299-1905x39330,796-820-6032,jallen@holland.com,http://www.hunt.com/,Conference study someone history fly sometimes system.
62,BEaCaAFB193a86e,Diane Sexton,Caroline,Mayer,Pacheco Group,370-223-8749x71159,892.425.5268x829,wmayo@zhang-frederick.biz,http://www.henderson.biz/,Commercial talk claim high.
63,EbF20BBC299DAAc,Harry Boyd,Cristina,Huerta,"Kennedy, Mercado and Holt",(913)200-4853x166,(703)245-0820x7486,joel02@richardson-knapp.biz,http://www.marshall-harrell.com/,Trouble rather back thousand.
64,a7c6c7D5505D0A2,Arthur Tran,Paige,Arellano,Kidd-Farley,001-555-516-0621x5905,001-582-336-4670,littlechelsea@mclaughlin.com,https://ali-rocha.com/,Account share question.
65,cED688271e0dD73,Bradley Walker,Casey,Fritz,Watts Group,802.457.4059,+1-824-325-2030,bradleykemp@ray.info,https://www.prince.com/,Me growth crime world.
66,f4f93B96c8a0436,Sara Duffy,Calvin,Moody,"Stephenson, Larsen and Moran",(341)653-5949x297,5262898378,stokeskelsey@casey.com,https://nelson.com/,Wall art bit individual while.
67,AecDcDD13FF8d03,Jack Mays,Grace,Crosby,"Arnold, Haas and Gonzalez",621.424.9522,747-704-8365x946,bryan64@patterson.com,http://gallagher.com/,Hard environmental like service.
68,68D02B1bAD6703E,Phyllis Chandler,Logan,Bell,Santana and Sons,823-402-5698x780,923-420-8816,kaneellen@ritter-patrick.org,https://www.mullins.biz/,Two shoulder various tough.
69,49aEc7e6eC5Bb5f,Brent Mcmillan,Raymond,Orozco,"Reid, Shepard and Mcgrath",+1-467-964-2128,(743)543-0000x7085,derek81@spence.biz,http://mcintyre-campos.org/,Concern be couple level those although.
70,6da89A756DDDfa3,Jeremy Coleman,Felicia,Rosario,"Kane, Sharp and Raymond",+1-733-682-7746x93755,866.625.7274x774,icherry@whitehead.com,http://valdez-avery.com/,This establish teach late hand.
71,8CF3fFEB113a122,Briana Harvey,Colin,Kennedy,"Humphrey, Haney and Barker",212-637-7301x115,781-509-2382x1578,evansawyer@tran-bailey.com,https://www.tucker-foster.com/,Others civil voice choice past.
72,fE3aD90DCB6d400,Ethan Sellers,Erika,Benson,"Velasquez, Horne and Rocha",876-549-8966x88308,803-747-5697x792,justin59@roach.com,https://www.zamora.info/,As contain agency finish free quality fast within.
73,A7101cbfc2cC06f,Virginia Robertson,Cindy,Forbes,Moreno and Sons,001-952-905-2628x74974,429.662.5901,mcgeelucas@dillon.info,https://branch.com/,Human never concern top fast visit.
74,d529A9E725Bc72C,Francisco Moon,Megan,Conrad,Boyd Inc,9798189314,(653)503-3359,lauriebarrera@stokes-hutchinson.net,http://www.malone-briggs.com/,Cost face interesting effort wall ahead attack.
75,cEcce92d37cAA9b,Bailey Young,Wanda,Russo,"Baird, Rosario and Snyder",8934378651,9232766406,reginamontgomery@nelson-knapp.com,https://edwards-giles.com/,Wind voice west explain voice foot tell.
76,92C9FA35F2C81fB,Stacie Chambers,Lisa,Graham,Crosby-Sheppard,(734)383-8368x7996,001-572-429-7435x81783,kristinejohnston@cardenas.com,https://www.webb-floyd.com/,Kid past imagine that trip subject candidate.
77,5cFD7B83A57eCEd,Dominic Parrish,Betty,Montes,Mckenzie-Dyer,238-569-6965,(537)349-6765x2500,ryan29@gutierrez-hart.org,http://salas-berg.com/,Show step seat call.
78,d7CEcfA5C103BCa,Veronica Thomas,Jacqueline,Walter,"Mcclure, Francis and Torres",909.269.6623x044,+1-715-705-1823x2508,mstout@cherry-ferguson.biz,http://peterson.com/,Particular board century begin.
79,d488bfFaBc6dEDC,Kristen Lyons,Jaime,Hahn,"Carney, Collier and Meyers",(578)934-7302,992.876.9021x70819,mallory36@mcintyre-lester.info,https://www.howell-norton.com/,Any prevent practice mission term effect begin certainly.
80,C1Fe52cbDDBAc5A,Anthony Webb,Noah,Frazier,Becker-Rowe,345-318-6325x42186,638.559.7229,zbarrett@malone-mathews.com,https://www.murray-santana.com/,Letter enjoy offer today whom message.
81,0b4B0B9bf17EA06,Noah Mclean,Bob,Beasley,May-Barron,603.284.3584,(345)767-2087x35644,julie00@jacobs.com,https://www.daniels-erickson.info/,Too coach able he.
82,574DC0cF2Aa7b60,Barbara Whitehead,Jenny,Ball,Mckay-Olsen,+1-835-693-6032x15255,356.541.4262,penningtoncrystal@bautista.com,http://rush-coleman.com/,Magazine free thing piece human.
83,9c9ba5DaECE53dF,Johnathan Hampton,Joanna,Mcclure,"Chavez, Garrison and Tran",803.854.6817x60292,3004551245,jackiebenson@alvarez.com,http://www.rose.com/,Follow chair heavy citizen information interest chair market.
84,31B37A1Ac56a6EF,Maureen Leach,Kristin,Michael,"Cabrera, Reed and Blake",902-248-9036x9388,001-593-419-1254x4721,robbinsmckenzie@walker-case.com,https://www.hughes.com/,Degree everyone behind inside name option.
85,feDFDb4aacEbf6d,Jorge Keith,Albert,Dawson,Hester PLC,9054179257,977.439.4141,alan48@crosby.biz,https://benton-berger.biz/,Continue able staff power.
86,ceBF4CEd3406DEF,Becky Ray,Bernard,Mcintyre,Hendricks-Bartlett,+1-405-836-7168x792,+1-604-723-9608x9655,vbriggs@garcia.com,http://www.melendez-barnes.biz/,Against strong push body lawyer part.
87,3Ab3268cE523B37,Damon Rowland,Christy,Hays,Wolf and Sons,(555)820-7579,(376)487-1150,ayersdarryl@mercado.com,http://www.wang.com/,Others trip debate loss.
88,cB0CD6Efc01fbbb,Norman Simpson,Mark,Duran,"Pollard, Proctor and Kane",(833)882-8946x5839,695.525.0776,georgeramos@poole.info,https://robinson.org/,Might worker hundred need ball become.
89,38700d33dDc76Ae,Norma Bray,Natalie,Ponce,Rangel LLC,(226)664-1391x88520,9674354668,norman35@mercer.com,https://www.ortega.info/,Inside her you build improve.
90,6BbD4E5d38cA391,Joanne Black,Tami,Mack,Russell Inc,839-419-8394x453,(285)283-6336,herbert54@price.biz,https://hart.com/,Tell generation Democrat end.
91,89EB1db8869a9DE,Kara Patrick,Adam,Bond,Moreno and Sons,902.471.1788,+1-339-958-5170x34181,sheryllyons@morton.com,https://watkins.com/,Argue show brother fill even too.
92,5bffc95aB7bcA2a,Alicia Jordan,Diane,Estes,Lawson Group,+1-897-218-7583x296,808-540-4966,timothy62@garcia.org,http://horne-everett.com/,But goal around cut agree.
93,151e5cc894d073d,Leroy Collier,Kirk,Campbell,Michael Inc,537.306.9454x93498,(448)701-1118x8369,marilyn22@johns-frost.com,https://parrish.com/,Most customer seat often nothing view future.
94,edafAeC35EF1442,Jay Horne,Kristina,Brooks,Higgins-George,2808478094,(217)767-2315x1912,beanleroy@mckay-villa.com,https://www.compton.com/,Ground best ask left young first though sister.
95,C8f7fc08608Bba2,Thomas Reilly,Steve,Hancock,"Ewing, Poole and Fleming",(616)528-0603,001-976-590-0151x59401,denise09@sherman.info,https://stone.com/,Local difference seem change example.
96,91b5237CF918cac,Erik Carson,Summer,Frye,Douglas and Sons,001-590-409-6204,(998)288-3053,mannanna@hendricks.org,http://www.klein-bautista.org/,Important however imagine result officer.
97,3dEc33EE822d166,Shaun Alexander,Traci,Kaiser,"Nixon, Spencer and English",654.707.8080,713.279.4927x04480,robin56@carpenter.net,http://hurst-jarvis.com/,Including difference unit account structure option example.
98,Cbf09b4A59Fc0c2,Brendan Ford,Curtis,Sheppard,Murphy Ltd,250.458.8689,001-422-719-1063x637,mhutchinson@dudley-wilcox.com,http://www.roach.com/,Page but moment director family end.
99,aB93a44e66e840B,Charlotte Martin,Judy,Mcclain,Robinson-Contreras,001-313-203-6817x171,224.755.0462x4637,vmalone@turner-daugherty.org,https://www.lucas.com/,Anything local goal.
100,a13b1706b6E5Cce,Regina Mayer,Jacqueline,Golden,"Cruz, Mccarthy and Velasquez",769.495.5620x13390,850-583-0425x3028,shelleysummers@strickland.biz,https://tran.com/,Explain describe college clear somebody effort.
