Index,User Id,First Name,Last Name,Sex,Email,Phone,Date of birth,Job Title
1,3e1bA2CdAD6de6E,Peggy,Buck,Female,wadeheidi@example.net,+1-286-284-3571x60181,1974-04-30,"Engineer, water"
2,77ae71cd15b3aA2,Laura,Booth,Male,walterwagner@example.net,+1-414-503-5898x984,1931-10-25,Public librarian
3,ED01bC313F1D5F8,Alexa,Sexton,Female,abigail79@example.net,+1-791-627-9062x9641,1960-09-20,"Production assistant, radio"
4,F5ce1BeFba7f8AF,Miguel,Sims,Male,ramirezsean@example.com,960-680-4064x20291,1943-12-20,"Engineer, control and instrumentation"
5,8769ae1E8531bdc,Wayne,Perez,Female,tmorrow@example.com,303-466-6068,1953-06-30,Television production assistant
6,ef5095c177c6CBE,Gabriel,House,Female,deborah15@example.com,7442932682,2012-08-17,Health and safety inspector
7,CE7f4F0faDe2d03,Mikayla,Mckee,Male,alexander68@example.com,001-217-599-7494x109,1952-03-31,Nutritional therapist
8,4aC7B5b92379E62,Madison,Pennington,Male,larastephanie@example.net,677.499.8989,2002-09-24,Video editor
9,EFdBAcFDC63ffcF,Martha,Stevens,Male,jerome95@example.org,563-570-6890x910,1920-12-30,"Psychologist, forensic"
10,1beedA681F8Ac14,Mike,Fischer,Male,brittany64@example.com,807.422.3625x773,2009-10-14,Theatre manager
11,B774eccF2181B7E,Mindy,Mata,Male,powersrobert@example.org,001-418-522-4060x64409,2003-07-30,Leisure centre manager
12,c3c3EeDa78F6cB8,Philip,Travis,Male,qholden@example.net,954.284.2617x3290,1927-03-05,Educational psychologist
13,8b81C8bd26Ca9bb,Darlene,Bridges,Female,frenchellen@example.com,551-419-7313x2733,2010-12-16,Agricultural consultant
14,3bF0C88688aC1E6,Judy,Mahoney,Male,edavies@example.com,8563560361,2012-03-03,"Production designer, theatre/television/film"
15,8Ab1fdF1FeDc5Dd,Savannah,Obrien,Male,kkeller@example.org,730.656.7767x757,1966-01-11,Chartered accountant
16,c42dd8F517Ce87c,Michele,Moreno,Male,brandi44@example.org,001-588-769-0507x587,1948-02-29,"Scientist, forensic"
17,Dde27EC6fEfED7a,Brittany,Valdez,Male,joannareese@example.com,001-930-935-5982x53073,1939-03-13,Research scientist (maths)
18,dBDad1baF7fBda6,Wyatt,Adams,Male,vmcmillan@example.com,606.812.5002,1939-03-25,"Doctor, general practice"
19,DAadF5ED69349bb,Dustin,Holder,Female,eduardobrewer@example.org,807-244-9076x4981,1948-01-04,"Scientist, research (life sciences)"
20,A56d08EdC3DEdFf,Joel,Richards,Female,terrihampton@example.org,+1-465-496-7540,2009-08-16,Automotive engineer
21,C1ec5AADbc4F93B,Allen,Serrano,Male,sierra74@example.net,(343)477-7882,2006-12-27,Accommodation manager
22,1bcB5efFD836647,Gary,Mathis,Male,levilee@example.com,(417)449-6847,1967-08-13,Television production assistant
23,d0aDc41E2aFAdC2,Ricky,Roth,Male,mullensandy@example.net,332.452.2302x7868,1917-12-31,"Engineer, structural"
24,7975Bc2a045078A,Judith,Marsh,Female,martin84@example.net,+1-996-658-1039x250,2013-10-24,"Producer, radio"
25,ADCe5fe8acD657c,Don,Stout,Male,ericrivers@example.org,001-488-705-3375x218,1964-12-16,Haematologist
26,E206E9d8D6D1bde,Ricardo,Hickman,Female,mckenzie91@example.net,(472)614-4097x0208,1991-11-09,Research scientist (life sciences)
27,43ce7e520b67EC7,Jeremiah,Aguilar,Male,mbaird@example.com,(478)516-0067x5296,1943-10-25,Probation officer
28,ba07Bd60293beB3,Beth,Merritt,Female,angel10@example.net,726-466-2388x43635,1957-09-25,Public affairs consultant
29,25242a30a9f7Ec6,Kathleen,White,Male,qwilliams@example.com,+1-833-267-5585x5816,1974-12-20,Podiatrist
30,D3CcBCA518f30be,Marvin,Castillo,Male,emills@example.com,+1-444-893-3811x19818,1936-01-21,Architectural technologist
31,94aA5F0BBb7C34c,Frederick,Stephenson,Male,lbuckley@example.com,+1-918-751-4088x6705,1993-09-22,Lexicographer
32,f5B19095af166aE,Felicia,Cameron,Male,kgross@example.com,(944)838-8142,1995-04-03,Diplomatic Services operational officer
33,bc41aC2aF0f8E02,Lindsay,Branch,Male,jocelyn44@example.net,001-812-482-0585x131,1936-05-23,"Investment banker, operational"
34,FaC7e51E525Ca2d,Stephanie,Mcclure,Female,tracyholden@example.org,697.444.9853,1913-08-12,Operational researcher
35,06C9691BCBa2b7A,Michele,Burnett,Male,delacruzguy@example.org,001-730-737-1133,1922-09-01,Horticultural therapist
36,aD337a14ACcaF3E,Joanne,Carney,Female,stanley57@example.com,+1-837-340-8584x62344,1975-10-20,"Scientist, research (physical sciences)"
37,5af47aF30Fb39c3,Tabitha,Hernandez,Male,lindseyatkins@example.org,001-680-600-9267x4520,1953-03-08,"Journalist, broadcasting"
38,4FFEf9b41c996A6,Elizabeth,Waters,Male,noahgoodman@example.net,500-693-1826x724,2006-07-10,"Therapist, horticultural"
39,5D83AF3ea1DAcE9,Adrian,Figueroa,Male,banksjamie@example.com,(590)744-7781x4600,1987-10-31,Video editor
40,deaFB41cbad688c,Dan,Singleton,Male,sergiogarza@example.org,(686)416-9088x728,2009-03-25,Education administrator
41,f32eeAA089f3AD9,Mikayla,Nichols,Male,ray33@example.net,818-951-8640,1971-08-17,"Surveyor, commercial/residential"
42,3F0703Adc088EBd,Dalton,Harrison,Male,thowe@example.org,(880)642-7041x757,1984-06-12,Manufacturing engineer
43,9AB9a94a0395F7d,Holly,Hatfield,Female,victoriabird@example.org,228.837.5598,2018-11-09,"Engineer, production"
44,64e44E6c76cfa10,Debbie,Branch,Male,hollynixon@example.org,001-977-723-8427x0342,1934-10-30,Training and development officer
45,a17e74D2E09f714,Latasha,Owens,Female,colin59@example.net,922.639.6785x394,1928-04-10,Cytogeneticist
46,f3Ecf8f4B9F41e4,Gary,Mosley,Male,lambertbailey@example.org,(635)263-6593x878,1916-07-21,Youth worker
47,eC4CbeEf341d916,Ashley,Conway,Female,caitlynmueller@example.net,801-328-0959,1979-01-16,Educational psychologist
48,FEa65eca51CD964,Kathy,Novak,Male,marcusharris@example.org,001-959-860-5850,1986-07-10,Research scientist (physical sciences)
49,71B7721acF0fE1d,Norma,Hensley,Male,ibarry@example.org,001-486-459-4665x39573,1999-05-20,Legal secretary
50,a10FcB19c2Fa9a6,Felicia,Koch,Female,hrice@example.com,6904104276,1922-09-12,Writer
51,d2A091b12a18eEe,Judy,Esparza,Male,batestroy@example.com,7772432091,1999-09-24,"Producer, television/film/video"
52,9C633066811DD0D,Eduardo,Fields,Female,bethany61@example.net,(695)557-9130x267,1927-11-24,Financial adviser
53,37beC30aE2945aa,Jeffrey,Campbell,Male,brucemelvin@example.com,001-400-503-3740,2011-01-17,Music therapist
54,fcff68abF6A4dfb,Catherine,Middleton,Male,okelly@example.net,937-226-9677x9802,1933-03-01,Communications engineer
55,4b8470945557CA0,Rodney,Lozano,Female,samuelmichael@example.org,001-694-956-2738,1922-06-04,Planning and development surveyor
56,F0ce7197a64dDe9,Patrick,Ashley,Male,carly76@example.com,001-221-962-8245x4245,1949-02-10,"Programmer, multimedia"
57,aebeF77dCaea4e0,Andrea,Bird,Male,progers@example.net,(212)531-3230,1948-11-03,Microbiologist
58,c41EEf933d5D086,Dominique,Hurst,Male,marisaali@example.com,939-689-3427x96874,1985-05-30,Health service manager
59,CDaaFbff6aFd5eC,Gloria,Snyder,Female,omeyers@example.com,232.490.8042x0072,1996-10-10,"Engineer, maintenance (IT)"
60,DE33eefDF89EeB2,Stanley,Benton,Female,hubbardantonio@example.org,001-245-432-2339x105,1913-08-06,Probation officer
61,B3Ba84DFa25Ae66,Caroline,Michael,Female,floresmaxwell@example.net,5283274699,1908-07-04,Consulting civil engineer
62,59a3bAAD1DfBbce,Russell,Juarez,Female,hillisabel@example.com,4097677276,1940-08-23,"Programme researcher, broadcasting/film/video"
63,23AE4a1e22cfBa5,Ricardo,Benton,Female,bhudson@example.org,988.421.8583x5641,1943-07-26,Professor Emeritus
64,4a248172Ac4DAa3,Philip,Hines,Male,johnathan00@example.net,797.951.5975x168,1990-10-18,Barista
65,94CeC7D7b27AE74,Darin,Stuart,Female,ericabrewer@example.net,(612)956-8578,1997-01-25,Equities trader
66,47FC3d713c0CFBB,Caitlyn,Allen,Male,cyoung@example.org,+1-799-747-3660,1930-02-13,Building control surveyor
67,1fc5BefFBCA2e24,Mindy,Blanchard,Male,velliott@example.com,737-570-7105x134,1925-11-02,"Scientist, marine"
68,8a11afbDA82fb9e,Darren,Lucero,Female,kelli98@example.com,6005074236,1976-11-18,Counsellor
69,8E3bd2493fde36C,Caroline,Jenkins,Female,rachel77@example.net,(890)221-9979x671,1930-08-18,Armed forces logistics/support/administrative officer
70,68AF311dADdbeD6,Joseph,Farley,Female,cmclaughlin@example.org,+1-467-722-8737x2428,1948-11-07,Agricultural engineer
71,6e4fc4F7Fe96F1a,Ronald,Montgomery,Female,shelly79@example.com,001-956-655-3971x6693,1954-03-20,"Chemist, analytical"
72,803cf6Dd9E01BEE,Raven,Valencia,Male,epetersen@example.com,663-987-7242x20583,1942-04-28,Air broker
73,Dc9c2c43cDA1FFd,Leroy,Gross,Female,kellie89@example.org,001-947-569-0742,1919-09-22,Music tutor
74,c6AffA197449F3b,Kirsten,Mejia,Female,ethancain@example.com,850.638.4623,1997-01-13,Consulting civil engineer
75,b8Df1bD3F0D60a4,Summer,Kelley,Male,wbyrd@example.net,677-673-2281,2005-11-17,"Engineer, control and instrumentation"
76,790ECf40B8d1AF2,Max,Blair,Male,bettychristian@example.org,761-506-4542x376,1976-05-28,"Surveyor, insurance"
77,e57Eb98dA8b4bf9,Guy,Castro,Female,gomezricky@example.net,400-838-8862x116,1913-10-30,Commercial art gallery manager
78,DF4513a87e9c13e,Tabitha,Bush,Female,colincoleman@example.com,718.480.6027,1907-12-09,Special educational needs teacher
79,2cc3539E3bb803B,Joyce,Livingston,Female,lewisscott@example.net,607.309.9449x3407,1948-07-05,Warehouse manager
80,6eFACc3efe70D9B,Christine,Soto,Female,whitneyrodgers@example.com,001-204-257-4216x00264,1929-08-27,Land/geomatics surveyor
81,d7ADB6AbB5Aab3E,Connor,Lane,Female,knightcharles@example.com,348-384-9221x606,1936-03-26,"Engineer, automotive"
82,39dac3b6ae221ED,Nathan,Trujillo,Male,jody70@example.org,825.438.3757x9034,1935-07-10,"Biochemist, clinical"
83,BB42F41a3ED4C5d,Frank,Landry,Female,sbeck@example.com,(972)532-4759x63486,2016-07-11,Press sub
84,29c640a3B0cd7B6,Carlos,Chapman,Female,pnichols@example.com,829-791-1189x0069,1982-11-30,"Producer, radio"
85,496c6f59A93fB05,Charles,Rowland,Male,tom37@example.org,7003992296,1912-03-16,Dispensing optician
86,bd23BAb4ea8Db26,Carol,Allen,Female,nwise@example.org,5163398480,1942-08-10,Exercise physiologist
87,65fB2F5Ed6A60F8,Carla,Cooke,Male,peterpotts@example.net,001-386-889-1038x035,2002-11-08,Bonds trader
88,E104Ca9CfEfc4dB,Catherine,Munoz,Female,krauseyolanda@example.org,+1-887-684-9252x1588,1944-12-13,"Programmer, applications"
89,adC986EbdBAee4f,Belinda,Ellison,Female,fstevens@example.com,367-280-7288,1950-12-01,"Conservator, museum/gallery"
90,bCbEAFB9D1ab2dE,Andrea,Townsend,Male,shermandorothy@example.org,391.784.6837,1929-07-05,Social researcher
91,7ab0BCa932fF950,Hunter,Boone,Female,courtney43@example.net,367.782.2362,1955-07-02,Clothing/textile technologist
92,062AfeBdb9A4ee2,Brandi,Woodward,Male,lawrenceisaac@example.com,483-265-4998,1980-04-25,"Engineer, materials"
93,0BaD2428aB77bf9,Caroline,Welch,Male,qcardenas@example.net,(604)875-3659,1910-10-11,"Engineer, energy"
94,c14Fd1bccd9bf54,Tracie,Bates,Female,carol91@example.net,3909026603,1985-06-03,Furniture conservator/restorer
95,D7BA1EB1fAe1BD0,Savannah,Roach,Female,melody64@example.com,+1-827-843-7162x956,1919-09-26,"Accountant, chartered management"
96,65Ab7aceFCDEBbA,Joann,Jacobson,Male,danny55@example.net,792-705-1414x99725,1914-02-18,Chartered management accountant
97,ec694a0dC999a05,Kristie,Mathews,Female,nolanbrady@example.net,234.850.8841,1937-11-04,Radiation protection practitioner
98,7dd1a26c35b4C55,Mckenzie,Ellis,Female,ninacurtis@example.com,001-411-475-5554x3621,1935-12-27,Ambulance person
99,e83cDDf4E200Acf,Allen,Bryant,Male,wheelerroger@example.net,439-692-4556x666,1947-03-13,Information systems manager
100,bBd03ffA344a1Be,Roberta,Ortiz,Male,karl22@example.com,(849)538-5684,2000-01-01,Exercise physiologist
